{
    "rmse": 0.6965214989261305,
    "mae": 0.5678167710533993,
    "r2": 0.25297544726662213
}