{
    "rmse": 0.7284694769785518,
    "mae": 0.5632403972574366,
    "r2": 0.2607506915878237
}